ID,Name,Address,Phone Number,Website
ChIJR8tcRRYDx4kRLtOSgCltVEE,95 Game Center,"590 Century Blvd Ste A, Wilmington, DE 19808, United States",+1 302-239-2849,http://www.95gamecenter.com/
ChIJ-YgwnyIttokRVq4pmJhciIM,Play More Games,"42 Bureau Dr, Gaithersburg, MD 20878, United States",+1 240-801-9375,http://www.playmoregamestore.com/
ChIJU9z912q8uokRY_V8eSPWhgI,Tower of Games,"5405 Indian River Rd ste A, Virginia Beach, VA 23464, United States",+1 757-420-8008,http://www.towerofgames.com/
ChIJ-dEUK2eJ_ogR45HXT58Bo2M,Here Be Books & Games,"810 Travelers Blvd Ste A2, Summerville, SC 29485, United States",+1 843-695-1498,https://herebebooksandgames.com/
ChIJU0h5PLW_4okRBtWDa3UxPAo,Diversions Puzzles & Games,"123 Congress Street, Portsmouth, NH 03801, United States",+1 603-766-6220,http://www.diversionsgames.com/
ChIJZUe8etdO4okRlnH6WaDtiNM,Tri-State Enterprises,"80 South Commercial Street, Manchester, NH 03101, United States",+1 603-668-4840,http://www.tristateenterprises.com/
ChIJa4WU4j4D44kRmbkMn1BDqwE,Queen's Gambit • Games and Hobby Shoppe,"38 Emerson St, Haverhill, MA 01830, United States",+1 978-519-9517,http://www.queensgambitgames.com/
ChIJBT25-Ihn5IkRVaLb0QwOejs,Josh's Toys & Games,"999 S Washington St, North Attleborough, MA 02760, United States",+1 508-699-1088,http://joshstoysandgames.com/
ChIJU_xGxsr-84gRT6C4NPLvZmg,Dice Drop Games,"3121 Vineville Ave, Macon, GA 31204, United States",+1 478-227-4401,https://dicedropgames.com/
ChIJ-UqcCNTHwogRolEiE3MFrdg,Armada Games,"10910 N 56th St, Temple Terrace, FL 33617, United States",+1 813-980-6080,http://www.shoparmada.com/
ChIJNb_Q4VZqskwRVV3q18PAAOc,Game Zone,"550 Center St, Auburn, ME 04210, United States",+1 207-241-0191,http://facebook.com/gamezonela
ChIJaXF8YohO4okRy99ZW71aQTY,Go! Calendars & Games,"1500 S Willow St, Manchester, NH 03103, United States",+1 512-386-7220,http://www.goretailgroup.com/
ChIJkWDhFP32rIkR7Y909qOrI44,Game Theory Duraleigh,"5910 Duraleigh Rd #125, Raleigh, NC 27612, United States",+1 919-787-4449,http://gametheorystore.com/
ChIJ7YDichaE3YgRR3dDetVWB3U,House Rules Gaming,"1318 E Vine St, Kissimmee, FL 34744, United States",+1 407-502-8556,http://www.houserulesgaming.com/
ChIJp-ykYzEN3ogRfyDyZf232gE,Get Your Fun On,"3020 W New Haven Ave, Melbourne, FL 32904, United States",+1 321-327-7937,http://www.getyourfunon.com/
ChIJ3Rm8vOUBskwRvbnaHYxyBf8,Greenhouse Games,"2 Bangor St, Augusta, ME 04330, United States",+1 207-480-1301,https://www.facebook.com/greenhousegames.1993/
ChIJkaSygraiw4kRuqOKTAmazrw,The Bearded Dragon Games,"123 Claremont Rd, Bernardsville, NJ 07924, United States",+1 908-502-5112,http://www.thebeardeddragon.com/
ChIJedwCFypfwYkRfRE4SExBiwk,Greg's Games,"2103 Whitehorse Mercerville Rd Suite 5, Hamilton Township, NJ 08619, United States",+1 609-890-0011,https://www.gregsgames.com/
ChIJjZ6nmJiZU4gRlevTML7UmE4,Out of the Box Gaming,"36 W Main St, Thomasville, NC 27360, United States",+1 336-313-6130,https://www.outoftheboxgaming.com/
ChIJeTjK_9JQwokR5j0rakfsqwY,Toy & Game Land,"757 Bergen Ave, Jersey City, NJ 07306, United States",+1 201-432-6406,
ChIJt_84DvfGxokR2PTzGnW5FlI,Redcap's Corner,"3850 Lancaster Ave, Philadelphia, PA 19104, United States",+1 215-387-4040,http://www.redcapscorner.com/
ChIJWeRsgbSxt4kR894EJI4q_mc,Your Hobby Place,"700 N Washington St, Alexandria, VA 22314, United States",+1 571-312-5946,https://www.facebook.com/YourHobbyPlaceAlexandria
ChIJHxgzig9pq4kRY2n6STA0S10,Gamers Guild,"1044 Lillington Hwy, Spring Lake, NC 28390, United States",+1 910-497-2354,http://ncgamersguild.com/
ChIJuxqjCR5k5IkRiWoIzCQoabU,Battleground Games & Hobbies,"175 Mansfield Ave, Norton, MA 02766, United States",+1 508-316-1195,http://www.battlegroundgames.com/
ChIJk3Vu1I0G5IkR1v0iTL-71tM,That's Entertainment,"244 Park Ave, Worcester, MA 01609, United States",+1 508-755-4207,http://www.thatse.com/
ChIJGaMstiIOyIkRgXcg2UHuNno,Titan Games & Hobbies,"1924-C, Greenspring Dr, Timonium, MD 21093, United States",+1 410-453-0300,http://www.titangamesandhobbies.com/
ChIJG9_9LYScVogRgaDlMnCy1_A,Carolina Tabletop Games,"315 Main St #1, Pineville, NC 28134, United States",+1 704-835-1128,https://www.facebook.com/carolinatabletopgames/
ChIJBWks7YNX5okRLVfa2Z2F_N8,The Portal,"60 Hilliard St, Manchester, CT 06042, United States",+1 860-432-0711,http://www.theportalct.com/
ChIJDTYgRL5X5okRZFQdnZWY3G0,Go! Calendars & Games,"194 Buckland Hills Dr #2148, Manchester, CT 06042, United States",+1 860-783-8199,http://www.goretailgroup.com/
ChIJp8XiZfptsYkR7_6lmE_5ioY,Battlegrounds,"13172 Midlothian Tpke, Midlothian, VA 23113, United States",+1 804-464-1873,https://battlegroundsrva.com/
ChIJh_h3NlgQ9YgReZRgviZqKXc,Titan Games & Comics,"2512 Cobb Pkwy SE, Smyrna, GA 30080, United States",+1 770-690-3110,http://www.titangamesandcomics.com/
ChIJu25-cIhO4okRbyEgGgilCWI,Josh's Toys & Games,"1500 S Willow St, Manchester, NH 03103, United States",+1 603-626-5674,http://www.joshstoysandgames.com/
ChIJzWmSH66044kRllmYDl7qqZ8,Merrymac Games And Comics,"550 Daniel Webster Hwy, Merrimack, NH 03054, United States",+1 603-420-8161,https://www.merrymaconline.com/
ChIJcbN9wkiq44kRbHdkVFCrg_0,Core Gaming,"221 N Broadway, Salem, NH 03079, United States",+1 603-932-6135,http://www.coregamingnh.com/
ChIJN5l0XjLm44kRuI0-xlxvw0U,That's Entertainment,"56 John Fitch Hwy, Fitchburg, MA 01420, United States",+1 978-342-8607,http://www.thatse.com/
ChIJrYX314bmwogRbl1DPoTd0aA,Critical Hit Games,"11270 4th St N #218, St. Petersburg, FL 33716, United States",+1 727-578-5700,http://www.criticalhitgames.biz/
ChIJsQjuuQvn5YkRgfZDUTa-So8,FFF Gaming Emporium,"13 Hobart St, Westerly, RI 02891, United States",+1 401-207-1579,http://www.fffgamingemporium.com/
ChIJjeaK6A3OuIkRtUOkC246feY,Yesterday's Fun & Toys,"117 Atlantic Ave Bldg 2B, Ocean View, DE 19970, United States",+1 302-539-1938,http://yesterdaysfuntoys.com/
ChIJF4gmsrEFyIkR9g7TettXVro,No Land Beyond,"2125 Maryland Ave, Baltimore, MD 21218, United States",+1 410-849-9416,http://nolandbaltimore.com/
ChIJw2NrXKsGskwRzRYsUvugPjA,Game On,"198 Western Ave #6, Augusta, ME 04330, United States",+1 207-458-1082,https://gameoncafe.crystalcommerce.com/
ChIJH1w4idxZwokR9q8gRo79jOw,XenoZero,"21 Ludlow St, New York, NY 10002, United States",+1 347-834-3317,https://www.facebook.com/xenozerogaming/
ChIJd2opPJZbwokRZfRugwWxyjM,Sip & Play,"471 5th Ave, Brooklyn, NY 11215, United States",+1 718-971-1684,https://www.sipnplaynyc.com/
ChIJaxwOi60NAIkRORlB83L1CBE,Squirrels Nest Gaming,"110a El Bethel Rd, Conway, SC 29527, United States",+1 843-772-0209,https://squirrelsnestgaming.tcgplayerpro.com/
ChIJSQagQuEJskwRlrar8JaZQWw,Top-Side Gaming,"312 Water St, Gardiner, ME 04345, United States",+1 207-588-7587,https://top-side-gaming.square.site/
ChIJfebDF4jjwogR_llnHY1e29A,Kitchen Table Games,"9600 66th St N, Pinellas Park, FL 33782, United States",+1 727-522-1051,https://kitchentablegamesfl.tcgplayerpro.com/
ChIJzcadl-Gx54kREbDyulYXk4o,The Stronghold,"443 East St, Plainville, CT 06062, United States",+1 860-222-2659,http://facebook.com/profile.php?id=100087959773760
ChIJnd-5pFtbwokRFReh0Ss4lrU,Kontrol Freek Global,"20 Exchange Pl #15th, New York, NY 10005, United States",,
ChIJA3l_-Oy3uIkRaxK-01uuSMc,Game On! VGM,"39 Baltimore Ave Suite 1, Rehoboth Beach, DE 19971, United States",+1 302-493-3073,http://www.gameonvgm.com/
ChIJU7_UGfRqAIkRpQdUy5rXShA,Myrtle Beach Games,"4050 Socastee Blvd, Myrtle Beach, SC 29588, United States",+1 843-503-0727,http://myrtlebeach.crystalcommerce.com/
ChIJb0iYRI1y44kRBVaX6plhaAQ,Battleground Games & Hobbies,"910 Broadway Unit D, Saugus, MA 01906, United States",+1 781-558-2916,http://www.battlegroundgames.com/
ChIJvSWq6Ldt54gRK9djlkaNW4U,The Haven Tabletop Games,"3385 S US Hwy 17 92 Suite 269, Casselberry, FL 32707, United States",+1 407-951-5822,http://thehaventabletop.com/
ChIJF97Jbjx554gRLb8qNKPbbRI,THE KINGS,"Raleigh Street, 4861 Timbersound Boulevard, Orlando, FL 32811, United States",+1 407-354-2523,
ChIJDSxvI1F344kRaexDR_nRPhI,Pandemonium Books & Games,"4 Pleasant St, Cambridge, MA 02139, United States",+1 617-547-3721,http://www.pandemoniumbooks.com/
ChIJgWl0VAXct4kRMUy1WxUOjys,Gritty Goblin Games,"6420 Freetown Rd, Columbia, MD 21044, United States",+1 240-360-5998,http://www.grittygoblingames.com/
ChIJS6OJq13AtokRqncYD78AISE,Your Hobby Place,"4276 Plank Rd, Fredericksburg, VA 22407, United States",+1 540-785-4263,https://www.facebook.com/yhpfredericksburg/
ChIJ3xL6pJYO9YgRMvgtJhgdFYA,Warhammer,"227 Sandy Springs Pl NE suite I, Sandy Springs, GA 30328, United States",+1 404-256-6439,http://www.games-workshop.com/Games-Workshop-City-Walk?utm_source=Google&utm_medium=Yext
ChIJfeEDELx_sUwRXPmIenrl5ng,RC Hobbies and Games,"214 Weld St, Dixfield, ME 04224, United States",+1 216-337-4212,http://www.hobbiesandgames.com/
ChIJqR8HjahT4okR43kMVLePtfo,Midgard Hobbies and Games Inc.,"55 Crystal Ave #21, Derry, NH 03038, United States",+1 603-260-6180,http://www.midgardhobbiesandgames.com/?utm_source=google&utm_medium=wix_google_business_profile&utm_campaign=2684015414236683617
ChIJhx9RZV9ZwokRMce2_HJEceQ,Twenty Sided Events,"280 Grand St, Brooklyn, NY 11211, United States",+1 718-963-1578,http://twentysidedstore.com/
ChIJAZpb8A-j9YgRvS7Xp9m6z9w,Level Up Games,"3700 Satellite Blvd #9A, Duluth, GA 30096, United States",+1 770-497-0202,http://levelupgamesatl.com/
ChIJGzEwWq4Uw4kRkOddATTXqGs,3D Games & Hobbies,"111 Main St, Franklin, NJ 07416, United States",+1 973-823-8111,
ChIJuZkqYUITUIgRrH2dpWrBkhw,Wolf Den Games,"464A E Main St, Abingdon, VA 24210, United States",+1 276-477-1501,http://wolfdengamesabingdon.com/
ChIJO8r-7k5RrIkRLhwqBmZAx_Q,Game Theory Wake Forest,"1839 S Main St Suite #100, Wake Forest, NC 27587, United States",+1 919-435-0071,https://wakeforest.gametheorystore.com/
ChIJJ2IIj92zt4kRQrGYHWy1rJg,Spieda Games (On the Second Floor),"6560 Backlick Road Suite 215 (Second Floor, Springfield, VA 22150, United States",+1 571-642-5037,https://www.spiedagames.com/
ChIJ27CnxKgcVIgRc-Pmjo6fyh0,The Mighty Meeple,"8440 Pit Stop Ct NW #180, Concord, NC 28027, United States",+1 704-625-7913,http://www.mightymeeple.com/
ChIJpUYQXMinrIkRf4dUexR6XL4,Raven Forge Games,"151 N Steele St, Sanford, NC 27330, United States",+1 919-292-2601,http://www.ravenforgegames.com/
ChIJO4WUS1xds0wRp2PaIrZ4nb8,Games Ahoy!,"75 Main St, Plymouth, NH 03264, United States",+1 603-481-1963,https://www.facebook.com/gamesahoynh/
ChIJY78f3rdz5IkRMNrffm5TY8o,TJ Cafe & Games,"146 S Main St #2, Milford, MA 01757, United States",+1 508-473-5874,http://www.tjcafeandgames.com/
ChIJORDdebtE5IkRpsQ753OE1VI,Mars-Made,"999 Main St #705, Pawtucket, RI 02860, United States",+1 617-379-2608,
ChIJb6JKXrEd6IkRzqIPbtzGD-8,Battlegrounds Gaming,"326 Westport Ave, Norwalk, CT 06851, United States",+1 203-295-8181,http://www.battlegroundsgaming.net/
ChIJO8GqpYB9_ogRWaE7uGxwnV4,Final Round Game Shop (West Ashley),"2408 Ashley River Rd APT D, Charleston, SC 29414, United States",+1 843-225-0260,http://www.finalroundwa.games/
ChIJEZhMCboO5okRBR0GzvQaVCg,Citadel Game Cellar,"565 Long Hill Rd, Groton, CT 06340, United States",+1 860-445-0641,
ChIJiaZ6-FlawokRW9rzFfp6R08,The Brooklyn Strategist,"333 Court St, Brooklyn, NY 11231, United States",+1 718-576-3035,http://www.thebrooklynstrategist.com/
ChIJP4PoxV99x4kRXoIp5eSi_JI,Born to Game,"547 S Red Haven Ln, Dover, DE 19901, United States",+1 302-387-1129,http://www.borntogame.net/
ChIJE4UobwQ6WIgRQ1_ij2GYBJU,Cornermagic Gaming Center,"2615 SC-153, Piedmont, SC 29673, United States",+1 864-248-4838,http://cornermagicgames.com/
ChIJn8iopDaWyYkRP2X3hcuIiHg,Neverland Games - Lost Boys Hideout,"17301 Valley Mall Rd #416, Hagerstown, MD 21740, United States",+1 240-513-6055,http://www.neverlandgamestore.com/
ChIJq6oeEqmz44kRzYrZcY1pqDo,Board Game Modder,"34 Wood Hawk Way, Litchfield, NH 03052, United States",+1 218-979-7125,https://www.boardgamemodder.com/pages/contact
ChIJZbTSfLwN6IkRGCFn9yG7-dI,Gamingetc Tournament Center and Superstore,"531 Main St H, Acton, MA 01720, United States",+1 978-263-5793,http://www.gamingetc.com/
ChIJ08QyYPVH5IkRpxTjID1y4Fc,Rescue Gaming Collectibles,"1926 Smith St, North Providence, RI 02911, United States",+1 401-949-6386,http://rescuegamingcollectibles.com/
ChIJKzqQW7o_xokRLAscZkk-MNU,Six Feet Under Games,"5360 Lincoln Hwy, Gap, PA 17527, United States",+1 717-351-0359,https://www.sixfeetundergames.com/
ChIJ7ctMPwRP5IkRfhWgE0OqIwg,The Time Capsule,"537 Pontiac Ave, Cranston, RI 02910, United States",+1 401-781-5017,https://timecapsuleri.com/
ChIJqbNgd3gEyIkR75Ra3uxzvSk,Canton Games,"2101 Essex St, Baltimore, MD 21231, United States",+1 410-276-2640,https://www.cantongames.com/
ChIJ_6E8wZmj-IgROq-ShQPDt1g,School's Out Gaming Lounge,"1150 Bower Pkwy F3, Columbia, SC 29212, United States",+1 803-661-6740,https://schoolsoutgaming.com/
ChIJbW8OrA3T-YgRF3ae1QL5iLA,Cardboard Castle Games,"672 Mullins Colony Dr, Evans, GA 30809, United States",+1 706-305-1714,http://www.cardboardcastlegames.com/
ChIJq9Cbhz9L5okRCavgmiAiQ-s,Back Again Board Game Cafe LLC,"484 Main St UNIT 11, Middletown, CT 06457, United States",+1 860-854-6524,http://backagaincafe.com/
ChIJ4yhJRQMDuYkRcos1QQQdeMo,Portals Games & Comics,"8249B Dickerson Ln, Salisbury, MD 21804, United States",+1 410-800-8787,https://portalsshop.com/
ChIJ53oc2tj8t4kRj1NXVQ_zrd8,Games and Stuff,"7736 Ritchie Hwy, Glen Burnie, MD 21061, United States",+1 410-863-7418,https://gamesandstuffonline.com/
ChIJM1fU4LGSWIgRN4YLldCU8GE,Tapstart Games,"902 E Main St suite b, Westminster, SC 29693, United States",+1 864-613-2200,https://www.tapstartgames.com/
ChIJw-05-aiSskwRfNuODTotXe0,Crossroad Games,"15 Fort Hill Rd, Standish, ME 04084, United States",+1 207-642-2612,https://www.facebook.com/CrossroadGames/
ChIJwbK4MBGcskwREfQfO0PVMvA,Coast City Comics & The Fun Box Monster Emporium,"634 Congress St, Portland, ME 04101, United States",+1 207-899-1505,http://www.coastcitycomics.com/
ChIJDwBFzjdP4okRXHl1k7AYyhw,Game Knight,"1461 Hooksett Rd Unit B2, Hooksett, NH 03106, United States",+1 603-606-2299,https://gameknightnh.com/
ChIJN_sEnrfCwIkRFEEEOSzdp7E,Nerdvana Tabletop Games,"3003 English Creek Ave, Egg Harbor Township, NJ 08234, United States",+1 609-380-2396,https://nerdvana-games-and-comics.shoplightspeed.com/
ChIJGwqSQRrxxokRLM05vIJ8uAY,"The Games Keep, LLC","561 E Gay St, West Chester, PA 19380, United States",+1 484-905-5533,
ChIJObacth_fw4kRL9pFWBiJm0k,IRL Game Shop,"127 Mercer St, Hightstown, NJ 08520, United States",+1 609-512-4555,http://irlgameshop.com/
ChIJh26rFWewxokRA8tfJh1bE_k,7th Dimension Games,"491 York Rd, Jenkintown, PA 19046, United States",+1 215-887-9550,http://7thdimensiongames.com/
ChIJlRo2C_oS9YgRWYlvIRIZqsc,Giga-Bites Tabletop Cafe,"1851 Roswell Rd, Marietta, GA 30062, United States",+1 770-578-1497,http://www.giga-bitescafe.com/
ChIJy7ax-_ak9YgR-UtlFvtOtDI,The Wasteland Gaming,"3650 Satellite Blvd B, Duluth, GA 30096, United States",+1 770-921-5511,http://www.thewastelandgaming.com/
ChIJS160cRu244kR8J7Nptg6mBg,The Relentless Dragon,"483 Amherst St, Nashua, NH 03063, United States",+1 603-204-5275,http://relentlessdragon.com/
ChIJ9V0EeDiztEwRd8NxpnkRfX4,"The Fourth Place: Games, Comics, & Geek Culture","3 Lebanon Street Second Floor, Hanover, NH 03755, United States",+1 603-277-9659,https://thefourthplacehanover.com/
ChIJhdzxBWlF4okRUxpdl1j545U,Diversity Gaming,"1328 Hooksett Rd, Hooksett, NH 03106, United States",+1 603-606-1176,http://diversitygaming.store/
ChIJsbLAqPvLxokRs9-KJbdzfXA,Top Deck Games,"1400 Haddonfield-Berlin Rd Suite 100, Cherry Hill, NJ 08003, United States",+1 856-858-2700,https://www.topdeckgamesonline.com/
ChIJBxmo5yhmX4gRqB7oH56q45A,Vendetta Games,"11 S Grove St #800, Dahlonega, GA 30533, United States",+1 678-971-9348,http://vendettagames.net/
ChIJQdNs-xyj44kRqT-qnt4Bvww,3 Trolls Games & Puzzles,"7 Summer St, Chelmsford, MA 01824, United States",+1 978-250-0566,https://www.3trolls.com/
ChIJCav5fN9Z5okRsHlc1VGvgIw,The Grid Games,"52 Purnell Pl, Manchester, CT 06040, United States",+1 860-645-9006,https://www.facebook.com/GridGamesCT
ChIJKXNGfXHNt4kRqlz0ksGJwjY,Board Game Cafes,"3202 Tower Oaks Blvd Suite 280, Rockville, MD 20852, United States",+1 301-458-0246,https://www.bgcafes.com/?utm_source=google&utm_medium=wix_google_business_profile&utm_campaign=12736755884125281094
ChIJeyeKcQCIs4kRl6WfWTSnSwc,The End Games,"390 Hillsdale Dr, Charlottesville, VA 22901, United States",+1 434-973-2205,http://www.theendgames.co/
ChIJDU5QvP_lxokRwMB81AfyVCk,EE Comics & Games,"1362 Naamans Creek Rd Booth 91A, Garnet Valley, PA 19060, United States",+1 215-867-9651,https://www.extensive-enterprises.net/
ChIJcxD9YAIkVIgRLHMaIeJCTss,Your Local Game Store,"6908 Matthews-Mint Hill Rd #350, Mint Hill, NC 28227, United States",+1 704-729-4547,http://www.yourlocalgamestore.com/
ChIJr06qmWGJ_ogRg1HPo2-4cdw,Final Round Game Shop,"4530 Ladson Rd, Summerville, SC 29485, United States",+1 843-873-2992,https://www.finalround.games/
ChIJzy_P0Rij6IgRQV81zBHcm0k,PunkOuter Games,"13 NW 8th Ave, Gainesville, FL 32601, United States",+1 352-234-3415,http://www.punkouter.com/
ChIJMbTu-VOZskwRag6B_Q2mThw,Phyrexian Life Games,"400 Expedition Dr E, Scarborough, ME 04074, United States",+1 207-303-0154,http://phyrexianlifegames.com/
ChIJNee7vUrY54kRyh-G9QmIsqI,Elm City Games,"71 Orange St, New Haven, CT 06510, United States",+1 203-689-3532,http://elmcitygames.com/
ChIJIWDFBu2s54kRK4tYvKuBfKs,Games Workshop,"7 S Main St, West Hartford, CT 06107, United States",+1 860-702-1138,http://www.games-workshop.com/Games-Workshop-Hartford?utm_source=Google&utm_medium=Yext
ChIJF8o89HWhx4kR1fIdoEfWRtQ,Born To Game,"821 N Broad St, Middletown, DE 19709, United States",+1 302-376-5750,http://www.borntogame.net/
ChIJ9Rfr0SEMU4gR5MluL1MVpn0,"Gaming Underground, LLC","11651 N Main St D, Archdale, NC 27263, United States",+1 336-883-0086,http://www.gamingundergroundllc.com/
ChIJ2zw6H8RO5IkRhwctxk_pqcU,Warhammer,"5 Chapel View Blvd, Cranston, RI 02920, United States",+1 401-943-1513,http://www.games-workshop.com/Warhammer-Chapel-View?utm_source=Google&utm_medium=Yext
ChIJ_69PIw7d5YkRjna8SUOORRQ,"Re•vive Games, Sport Cards, and Collectibles","211 Main St Unit #104, Ashaway, RI 02804, United States",+1 401-377-8963,http://www.revivehobbyshop.com/
ChIJiWmIvJFZwokRVdr0ZDWdHu4,The Uncommons,"230 Thompson St, New York, NY 10012, United States",+1 646-543-9215,http://uncommonsnyc.com/
ChIJl9hF2ICNrIkR1LzC7-vddwY,Gamers Geekery & Tavern,"107 Edinburgh S Dr #213, Cary, NC 27511, United States",+1 919-650-2366,https://carygametavern.com/
ChIJ0zDz_VpurkwRl7-4CYD8gnw,All About Games,"78 Main St #6825, Belfast, ME 04915, United States",+1 207-338-9984,https://www.facebook.com/allaboutgamesmaine/
ChIJ8Qk2swJbwokRKFOt24Q0fLc,Brooklyn Game Lab,"310 7th Ave floor 1, Brooklyn, NY 11215, United States",+1 718-788-1122,http://brooklyngamelab.com/
ChIJk-3BW2Vh_ogRHdP_rxbsgHA,Grandline Games,"221 St James Ave Suite 14a, Goose Creek, SC 29445, United States",+1 843-934-9940,
ChIJnSrdVLdX5okR1wsQtXF6lHA,The Battle Standard Tabletop Game & Hobby,"4 Prospect Hill Rd, East Windsor, CT 06088, United States",+1 860-254-5111,https://www.thebattlestandard.com/
ChIJMTHL6JZ09YgRcC1zGko_7ag,Super Games Inc,"13093 GA-9 #1050, Milton, GA 30004, United States",+1 770-518-4888,http://www.supergamesinc.com/
ChIJawIyCqhh9IgR8-zjOyXz7OU,Dan Wulf Games,"136 N Hill St, Griffin, GA 30223, United States",+1 470-204-8938,https://dan-wulf-games.shoplightspeed.com/
ChIJGxDJjm_7UIgRtQa6JpJGnxs,Dragon's Den,"643 'O, Greenway Rd, Boone, NC 28607, United States",+1 828-295-2698,https://www.dragonsdenboone.com/
ChIJ1XP5eM5j_ogROV98acdMfnY,Green Dragon Inc.,"1970 Ashley River Rd suite a, Charleston, SC 29407, United States",+1 843-797-2052,https://www.thegreendragononline.com/
ChIJq_x9wSJtAIkR-9pEiAheBRA,"Go! Calendars, Games, Toys and Books","4633 Factory Stores Blvd SUITE C210, Myrtle Beach, SC 29579, United States",+1 854-588-6219,http://www.calendars.com/
ChIJIZUhM4DksUwR0Cn47kOnIqs,Spell Bound,"67 Concourse E, Waterville, ME 04901, United States",+1 207-872-8200,http://www.spellbnd.com/
ChIJX9tk8PnhwokRjGu1Pl5y2I4,Rogue State Games,"115 Franklin Turnpike Unit 2C, Mahwah, NJ 07430, United States",+1 201-822-0000,https://roguestate.gg/
ChIJ0f7YB1_7xokRkyDQZQLHVJQ,Alternate Universes Wilmington,"3617 Silverside Rd, Wilmington, DE 19810, United States",+1 302-482-3480,http://www.alternateu.com/
ChIJ69YAgZjnx4kRSppCCdorl8g,Critical Hit Games,"2909 Emmorton Rd, Abingdon, MD 21009, United States",+1 410-569-2438,http://www.crit-hit.com/
ChIJobhTqyfX2IgRUzBQUTogTSs,Trouble Maker,"1547 N FLORIDA MANGO RD, Bld, 12 Bay 10, West Palm Beach, FL 33409, United States",,
ChIJnQ-5P33TqEwR9639xofTKVE,Mahoney's Gaming Emporium,"4 Main St Suite 2, Machias, ME 04654, United States",+1 207-814-8112,http://www.mahoneysgamingemporium.com/
ChIJo95yoHFv5IkRR-sTfYL_D2Q,Pete's Nerd Emporium,"10 Main St, Franklin, MA 02038, United States",+1 508-346-3809,http://fb.me/petesnerdemporium
ChIJc5FFMjdfwYkRHSiUk7bOUO8,Family Fun Hobbies,"3100 Quaker Brg Rd Space 14, Hamilton Township, NJ 08619, United States",+1 609-838-2049,https://shopfamilyfunhobbies.com/
ChIJyYl_KsX2t4kRdQiSVJ4G65o,Third Eye Games & Hobbies,"209 Chinquapin Round Rd #400, Annapolis, MD 21401, United States",+1 410-897-1076,http://www.thirdeyecomics.com/
ChIJKXSnOPPjxokRLtMSUP6eBXA,Royal Chess Mall LLC,"2803 Philadelphia Pike Suite B, #1360, Claymont, DE 19703, United States",+91 82647 16250,https://royalchessmall.com/
ChIJv_4pRTK4t4kRIh2mtjblc-0,Labyrinth Games & Puzzles,"645 Pennsylvania Ave. SE, Washington, DC 20003, United States",+1 202-544-1059,https://www.labyrinthdc.com/
ChIJESrCnZqfuokR3C2UugrhUo8,Tower of Games,"3591 Forest Haven Ln, Chesapeake, VA 23321, United States",+1 757-657-8282,http://www.towerofgames.com/
ChIJQeM0DuJs9ogRtLmJVT_44_s,Tyche's Games,"1056 S Lumpkin St, Athens, GA 30605, United States",+1 706-354-4500,http://www.tychesgames.com/
ChIJ5WKivDhP5IkRnVLgL1hXG2o,Back to the Future,"22 Pontiac Ave, Providence, RI 02907, United States",+1 401-280-9764,
ChIJaXlnqpPN54kRFJPQU4s3cII,Unison Games Cafe,"2285 Whitney Ave, Hamden, CT 06518, United States",+1 203-805-8520,http://www.unisongamescafe.com/
ChIJETq2aOdbwokRBCbfCOBR4p8,The Carcosa Club,"982 Manhattan Ave, Brooklyn, NY 11222, United States",+1 415-690-7865,http://www.carcosaclub.com/
ChIJ6-_ewRzw9IgRM9PXgmhpSNE,Discover Games,"39B Hudson Plaza, Fayetteville, GA 30214, United States",+1 404-769-3308,http://www.discover-games.net/
ChIJcbc1uwKlskwRWK1UHYjwF7k,Mantis Gaming Studios,"Building 13-W, 40 Main St Ste 262, Biddeford, ME 04005, United States",+1 207-391-3485,https://www.facebook.com/Mantis-Gaming-Studios-105886381688270/?__tn__=HH-R
ChIJYbzM6rOu5YkRhKR6onLeKP4,Pow! Science!,"160 Old Tower Hill Rd, Wakefield, RI 02879, United States",+1 401-788-1024,https://www.powsciencetoys.com/
ChIJAcy5JNGDw4kRBRsXVHDZ3fA,The Dragon’s Hoard,"199 Main St, Hackettstown, NJ 07840, United States",+1 908-651-5611,http://dragonshoardgameshop.com/
ChIJqTY1YFfmrIkRPRh89ogVgvY,Atomic Empire,"3400 Westgate Dr #14b, Durham, NC 27707, United States",+1 919-490-7900,http://www.atomicempire.com/store/
ChIJMbv_8BBrskwRPVgvnW_KNqs,D&D's Gaming and Hobbies,"120 Center St Ste 104, Auburn, ME 04210, United States",+1 207-241-2311,https://www.facebook.com/DandDsGamingandHobbies?mibextid=ZbWKwL
ChIJf_oJ-JPO54kRnkUn_UBUGJE,The Dragon's Lair,"220 N Colony St Suite C, Wallingford, CT 06492, United States",+1 203-626-5087,http://dragonslairhobbies.com/
ChIJf2Be8mnJw4kR78JYSbg8VlY,Tabletop Heaven,"1901 N Olden Ave Ste 10, Ewing Township, NJ 08618, United States",+1 732-857-3542,http://tabletopheaven.com/
ChIJA4ZOsj8JsYkRXPn1KbeY6mM,Modern Table Top gaming,"15901 Jefferson Davis Hwy, Chester, VA 23834, United States",+1 804-768-1314,https://moderntabletoprva.com/
ChIJR2FXVDqqx4kRnMxTG6-aUCc,Days of Knights,"173 E Main St, Newark, DE 19711, United States",+1 302-366-0963,http://www.daysofknights.com/
ChIJL2vdN6D1qYkRklH7VgkugmQ,Cape Fear Games,"4107 Oleander Dr STE D, Wilmington, NC 28403, United States",+1 910-798-6006,http://www.capefeargames.com/
ChIJ38jhJmuZskwRLe61GtSu0-c,Diversions Puzzles & Games,"415 Philbrook Ave, South Portland, ME 04106, United States",+1 207-773-0300,http://www.diversionsgames.com/
ChIJBWTh3gd14okRjdC3vgRBc-Y,ThumbCo,"190 Shaker Rd, Belmont, NH 03220, United States",+1 831-524-5615,
ChIJ-dzbDtJW5IkRslABZCnM7_8,Allsport Collectibles,"576 Metacom Ave Unit 18, Bristol, RI 02809, United States",+1 401-396-5252,https://www.facebook.com/AllsportCollectibles/timeline
ChIJ3efljX1fwokR0n8Hwv3J5-w,Gamestoria,"42-11 Broadway, Astoria, NY 11103, United States",+1 718-606-2853,https://www.gamestoria.com/
ChIJaX040LyhuokRcb8SL0z1-Jg,Atlantis Games & Comics,"2862 Airline Blvd, Portsmouth, VA 23701, United States",+1 757-465-1617,http://www.atlantis-comics.com/
ChIJr-dE0cmi54gRjWrBYIEXQSo,Breakpoint Games,"3747 Lake Center Dr, Mt Dora, FL 32757, United States",+1 352-383-4656,https://breakpointgames.net/
ChIJT8ytmKqd5IkRNUcL3YtsJ_E,Battleground Games & Hobbies,"1423 Bedford St, Abington, MA 02351, United States",+1 781-261-9669,http://www.battlegroundgames.com/
ChIJU1XiCc9b5IkRr7hZjJtHd0c,Gayas Cradle,"175 Taunton Ave Unit 3, East Providence, RI 02914, United States",+1 401-648-3686,http://gayascradle.com/
ChIJ3-ko0DPvrIkRNmmmB3fOGiE,Guildhall Games,"900 Park Offices Dr Suite 150, Durham, NC 27709, United States",+1 919-294-8423,https://www.guildhallnc.com/
ChIJESbuitVtWIgRM4gcsfS0Z0k,Empire Games,"118 N McDuffie St, Anderson, SC 29621, United States",+1 864-328-9418,http://www.empire-games.com/
ChIJNZ3TpiHn5YkRAfIk-IwhW8A,Reality A Games Store 2,"61 Friendship St, Westerly, RI 02891, United States",+1 401-895-6000,https://realityagames.com/
ChIJC75KNTRM5okRvpSol38q2fc,Scientific Games,"301 Hammer Mill Rd, Rocky Hill, CT 06067, United States",+1 860-721-4000,http://www.scientificgames.com/
ChIJ1wfdoZREwokRLuyfoLxKPGw,Kings Games,"1685 E 15th St, Brooklyn, NY 11229, United States",+1 718-336-1955,http://www.kingsgames.com/
ChIJ5fJ_lZFZwokRMl397RPz2Vo,Chess Forum,"219 Thompson St, New York, NY 10012, United States",+1 212-475-2369,http://www.chessforum.com/
ChIJZWd0AauxU4gRd74Q4eyk4Mc,House of Cards,"4007 Country Club Rd # C, Winston-Salem, NC 27104, United States",+1 336-930-5151,https://www.wshouseofcards.com/
ChIJQ7qwfZsIw4kREBLtdHaPeLc,Highlander Games,"119 Boonton Ave, Boonton, NJ 07005, United States",+1 973-794-4001,https://www.highlandergamesnj.com/
ChIJF77JczsT9YgRB1wyQRHjvKU,Win Condition Games,"3895 Cherokee St NW #610, Kennesaw, GA 30144, United States",+1 678-401-7557,http://www.winconditiongames.com/
ChIJd5_9zog73YgRbmsPXuYGHc4,HP Guild Games,"6645 Florida Ave S STE 3, Lakeland, FL 33813, United States",+1 863-510-5522,http://hpguildgames.com/
ChIJi3Tp_8-0r0wResBYxAEHEV8,Game Citadel,"720 Broadway STE E, Bangor, ME 04401, United States",+1 207-907-7887,http://www.gamecitadel.com/
ChIJ5w1dBTSasUwR0jVwSUCrHfw,3D Games Farmington,"174 Broadway, Farmington, ME 04938, United States",+1 207-779-1944,http://www.3dgamesfarmington.com/
ChIJx_QJ8pBF5IkRqkkg23G1vVE,ArchonMTG,"377 Friendship St, Providence, RI 02907, United States",,
ChIJCY9G1FeXuokRvX7Fm8ppu1E,Atlantis Games & Comics,"9649 1st View St, Norfolk, VA 23503, United States",+1 757-502-8954,http://www.atlantis-comics.com/
ChIJL2J3eiuNrIkRUknhkbpFf7Y,East Coast Gaming,"107 Edinburgh S Dr #213, Cary, NC 27511, United States",+1 919-650-2366,https://carygametavern.com/
ChIJy0PzrgiY-IgRX91ENpAa-Ww,The Side Deck - Gaming Café,"5060 Sunset Blvd, Lexington, SC 29072, United States",+1 803-520-7414,http://www.thesidedeck.com/
ChIJkbfFboIc2YgR--I9-vVY-yo,Florida State Games Inc,"6601 Lyons Rd # L9, Coconut Creek, FL 33073, United States",+1 954-973-9100,https://www.floridastategames.net/
ChIJeWhrDblE5IkR5qoDmC5at6c,Untapped Games,"545 Pawtucket Ave a205, Pawtucket, RI 02860, United States",+1 401-368-1619,http://www.untappedgames.com/
ChIJCdo0-P6y54kRGQI3jCbF0I4,Tabletop Gaming Center,"741 New Britain Ave, Newington, CT 06111, United States",+1 860-436-2213,http://www.tabletopgamingcenter.com/
ChIJE3Kn-5-o54kR_TMSlyrRtaA,gamesIRL,"192 W Main St unit C, Avon, CT 06001, United States",+1 860-678-1337,http://gamesirl.com/
ChIJt_fI5W62uIkRukgAUbO1-hc,Fun For All Toys,"42 Rehoboth Ave #17, Rehoboth Beach, DE 19971, United States",+1 302-515-5800,http://www.funforalltoys.com/
ChIJqXU1y-UuWIgRuaojYgXNq0Y,Boardwalk,"1175 Woods Crossing Rd #6, Greenville, SC 29607, United States",+1 864-297-6924,http://www.boardwalk-greenville.com/
ChIJnSywnVbOwogRvHG5UVcfsq4,Cool Stuff Games - Tampa,"10101 E Adamo Dr #601, Tampa, FL 33619, United States",+1 813-415-3138,http://www.coolstuffgames.com/tampa/
ChIJtwXIrqGL44kRP9R4gphea8A,Webway Games,"496 Boston Post Rd E, Marlborough, MA 01752, United States",+1 508-436-7770,http://webwaygames.com/
ChIJD001cZfD5okRCy6U51--xQQ,Games N Friends,"1755 Boston Rd, Springfield, MA 01129, United States",+1 413-363-9534,https://linktr.ee/games_n_friends
ChIJeVZT0vN06IkR1ymj7b5JoRk,Go! Calendars & Games,"1201 Boston Post Rd, Milford, CT 06460, United States",+1 512-386-7220,http://www.goretailgroup.com/
ChIJ7QdFOkhUtokR8CxJcIU9GeA,The Guild,"2700 Potomac Mills Cir Unit 112, Woodbridge, VA 22192, United States",+1 571-398-6495,https://theguildva.com/
ChIJQU3A2sqv5YkRZHEm5PuZPQU,Video Game Remedy,"999 W Main Rd, Middletown, RI 02842, United States",+1 401-227-8552,http://www.facebook.com/VideoGameRemedy
ChIJI6yh7c8vwokRS_hrLrpKxDI,Go! Games,"180 NJ-35, Eatontown, NJ 07724, United States",+1 732-389-0204,http://www.goretailgroup.com/
ChIJoWpMhI-M_ogR1uWxlAI2aac,Zenergy Gamers,"1230 Red Bank Rd Unit 7, Goose Creek, SC 29445, United States",+1 843-641-0921,https://www.facebook.com/zenergygamers/
ChIJPRbjFdM084gR7yyUADdQg_s,Moxie Games,"4454 Warm Springs Rd a3, Columbus, GA 31909, United States",+1 706-221-6700,http://www.facebook.com/moxiegamestore
ChIJ_WbIAEBO5IkRifNOdKnIWiY,Game On!,"943 Namquid Dr, Warwick, RI 02888, United States",+1 401-739-4263,http://www.gameonri.com/
ChIJQdy8Wr7Ft4kRC5EMS1G_TLY,Game Kastle College Park,"4748 Cherry Hill Rd, College Park, MD 20740, United States",+1 301-477-3524,https://gamekastle.myshopify.com/pages/game-kastle-college-park
ChIJCUohMgPPt4kRTxpJQJZQdUE,Dice City Games,"11406-B Georgia Ave Suite B, Silver Spring, MD 20902, United States",+1 443-424-2637,https://dicecitygames.tcgplayerpro.com/
ChIJOefi4AsPVIgRtZt80rVq5ZA,Buzz City Games,"4 Union St N, Concord, NC 28025, United States",+1 980-439-8946,https://buzzcitygames.tcgplayerpro.com/
ChIJKXaHNpJOtokRIIu7xtMuL8I,Games & Comics Pair O’Dice,"10385 Main St, Fairfax, VA 22030, United States",+1 703-865-8110,https://gcpairodice.com/
ChIJG8s5unvAtokR3ZC9BmaV1f0,Game Garrison VA,"6328 5 Mile Centre Park 412 & 414, Fredericksburg, VA 22407, United States",+1 540-412-5714,http://www.gamegarrisonva.com/
ChIJgeIaVf3nrokRMDZDRxMpvEo,Blue Ox Games,"2713 E 10th St, Greenville, NC 27858, United States",+1 252-695-6442,http://www.blueoxgames.com/
ChIJQQfgaxih-4gRAlzNQsZ-LhU,Savannah Lion Games,"1108 US-80, Pooler, GA 31322, United States",+1 912-349-1231,http://www.savannahliongames.com/
ChIJ34M-gNZz5okR0nwDt5EGeDY,Gilt Leaf Games,"276 W Main St, Norwich, CT 06360, United States",+1 860-949-3239,https://www.facebook.com/GiltLeafGames/
ChIJB76wHEYI6IkRVJ73QlyeUMs,MPH Games,"55 Regency Cir, Trumbull, CT 06611, United States",+1 203-268-0217,
ChIJP0o9-6bxw4kRyi0uOgXJ8BI,Koros Wargames,"257 US-202 31 Unit 3, Flemington, NJ 08822, United States",+1 908-237-3900,http://www.koroswargames.com/
ChIJ1XQr5jERyIkRkLnY_0bVJGY,Stevenson Games,"10439 Stevenson Rd, Stevenson, MD 21153, United States",,http://stevensongames.com/
ChIJzVQXOGmaskwR4Grs1AHydjA,Weekend Anime and Games,"492 Main St, Westbrook, ME 04092, United States",+1 207-591-7070,http://weekendanime.com/
ChIJK_DpjTxv5IkR2IUoRxaOlN4,ELD's Time Vault Games,"15 N Main St Suite B-4, Bellingham, MA 02019, United States",+1 508-966-8245,https://eldstimevaultgames.com/
ChIJfZIGfBEayIkR0PV_fUzbmbs,The Game Haven,"1319 Bedford Ave, Pikesville, MD 21208, United States",+1 410-441-3903,https://thegamehavenonline.com/
ChIJ62fcINYVw4gRuEL_3thWbGM,Descent Into Gaming,"5205 33rd St E, Bradenton, FL 34203, United States",+1 941-739-0220,http://www.descentintogaming.com/
ChIJlYeEzEcv4YkRt1sFeJItTwc,Greenfield Games,"238 Main St, Greenfield, MA 01301, United States",+1 413-774-5225,http://www.greenfieldgames.com/
ChIJLVHcq4LOt4kRUalsfXVwyWo,Dream Wizards,"11772 Parklawn Dr, Rockville, MD 20852, United States",+1 301-881-3530,http://www.dreamwizards.com/
ChIJh6jx8ZktWIgRudqJqP5dhzQ,Game Kastle Greenville,"2854a Wade Hampton Blvd, Taylors, SC 29687, United States",+1 864-243-8133,https://gamekastle.com/pages/greenville-sc
ChIJR9lUfNq37YgRXIAZOUgi-K4,Rose City Tabletop Gaming,"1210 E Jackson St Ste E, Thomasville, GA 31792, United States",+1 229-233-8124,
ChIJkcG9aLXJxokRjHsxGw-4zOU,The Philly Game Shop,"521-525 S 5th St, Philadelphia, PA 19147, United States",+1 215-305-9230,http://www.phillygameshop.com/
ChIJa3C5V1B8tokR9qqxIo_8Cpw,The Game Store,"251 W Lee Hwy #655, Warrenton, VA 20186, United States",+1 540-878-5480,http://thegamestoreva.com/
ChIJ4cRoghup2YgRyqzaYUrNTJ0,Cool Stuff Games - Hollywood,"6867 Taft St, Hollywood, FL 33024, United States",+1 954-962-2593,http://www.coolstuffgames.com/hollywood/
ChIJdXISuLFdwokRrK-sPInZqwk,Da basement games,"180 Ashford St, Brooklyn, NY 11207, United States",+1 352-999-3272,http://www.dabasementgames.com/
ChIJYf9jNeUTsYkR-RywGV0F06E,One Eyed Jacques,"3104 W Cary St, Richmond, VA 23221, United States",+1 804-359-5163,https://oneeyedjacques.com/
ChIJLV3lmYUH9YgR3pQrE9_1G-c,Challenges Games & Comics,"4800 Briarcliff Rd NE suite 1011, Atlanta, GA 30345, United States",+1 678-973-0410,https://challengesgames.ecwid.com/
ChIJHQwDhOmr5YkRDxeJhLQDkQs,Warfront Wizards,"880 E Main Rd, Portsmouth, RI 02871, United States",+1 401-440-8235,
ChIJH_5UrJpF5IkRYMcT9mreVPU,Mana Core - Providence,"683 Broadway, Providence, RI 02909, United States",+1 401-589-1101,http://www.themanacore.com/
ChIJ_w12QEv_5IkRb-l-S6F-lc4,Game King,"120 S Main St, Fall River, MA 02721, United States",+1 508-676-9900,https://www.facebook.com/GameKingFallRiver/
ChIJ4ZdjE21ZwokRL0TaiB5goHk,Hex & Company,"1462 1st Ave., New York, NY 10075, United States",+1 646-833-7574,http://hexnyc.com/
ChIJCYwzYvpJskwRX8gCO-1rg-8,The Dragon's Lair,"273 Main St, Norway, ME 04268, United States",+1 207-739-2286,http://facebook.com/DragonsLairMaine
ChIJv4dpwlW-5IkR4HMdUON8gys,Round Table Games,"128 Main St Suite A, Carver, MA 02330, United States",+1 508-465-1671,http://www.roundtablegamesma.com/
ChIJs4Rg0F1_sIkR1dweYWkjadQ,Tower of Games,"12971 Jefferson Ave, Newport News, VA 23608, United States",+1 757-898-8008,http://www.towerofgames.com/
ChIJFcgGrF7Lw4kRShbOn4PaH3M,Red Seal Gaming,"419 NJ-34, Matawan, NJ 07747, United States",+1 732-612-8216,http://www.redsealgaming.com/
ChIJEW7JANVJWIgR2eP-9ck-Eh8,Meeple Merchants,"5823 Calhoun Memorial Hwy Suite 1C, Easley, SC 29640, United States",+1 864-307-9903,http://meeplemerchants.com/
ChIJVW-2DXhj_ogRRWp3U5e74h4,Hoodie Cat Game Lounge,"4950 Centre Pointe Dr unit 110, North Charleston, SC 29418, United States",+1 843-641-0538,https://www.hoodie-cat.com/
ChIJswyeEHru4YkRr_kwxkQ9hqo,Dragon Maze Gaming,"223 N Main St, Newport, NH 03773, United States",+1 603-863-7050,https://www.facebook.com/people/The-Dragon-Maze-Adventure-Gaming-Center/100057616712656/
ChIJ3ZEq2WUR44kRJYENoiQPnUo,Toys N Things,"75 High St, Danvers, MA 01923, United States",+1 978-777-1879,https://www.facebook.com/ToysNThingsDanvers
ChIJ5_71GWHBw4kRwXhQgLUnBrg,Gilded Raven Games,"120 Cedar Grove Ln, Somerset, NJ 08873, United States",+1 908-547-5440,http://gildedravengames.com/
ChIJ88FesM0fyIkRFAM4vigiMBY,Gamers-Corps,"8167 Main St Suite 101, Ellicott City, MD 21043, United States",+1 443-325-5983,http://www.gamers-corps.com/
ChIJN7xPagGZ4okREZP-EKJWjYs,Chromatic Dragon Games,"56 Market St, Somersworth, NH 03878, United States",+1 603-841-5943,https://www.chromaticdragongames.com/
ChIJkXcBHfWX-IgRlLydh9TGFFs,Firefly Toys & Games,"736-C, St Andrews Shopping Center, 736 St Andrews Rd, Columbia, SC 29210, United States",+1 803-996-3473,http://www.fireflytoysandgames.com/
ChIJc2-xSq5l9YgRMV9gRpMV7cc,Dragons Eye Games,"116 Riverstone Pkwy, Canton, GA 30114, United States",+1 770-213-8120,https://www.facebook.com/Dragons-Eye-Games-1546739748871806/
ChIJaSYlw8APpC4Rd8a_5VWimzk,The Wargamers Guild,"9 Sunnybrae Blvd, Yardville, NJ 08620, United States",+1 609-496-4122,http://www.thewargamersguild.com/
ChIJCRsPbOWNsIkRLlz_ffoTM-w,Tap N Roll,"3305 Poplar Creek Ln, Williamsburg, VA 23188, United States",+1 757-808-5128,http://www.tapnroll.com/
ChIJs3GoVWns9YgR8PCwV7W1ozc,Meeple Madness | Tabletop Games and Hobbies,"7400 Spout Springs Rd #205, Flowery Branch, GA 30542, United States",+1 770-965-1333,http://www.meeplemadness.com/
ChIJHbEvqVao2YgRq1Mg2I70TNI,The Adventure Game Store & Dragon's Lair,"6895 Stirling Rd, Davie, FL 33314, United States",+1 954-580-9008,
ChIJeadj8me644kR4GjOLD1rSGI,Josh's Toys & Games,"310 Daniel Webster Hwy, Nashua, NH 03060, United States",+1 603-888-1088,http://joshstoysandgames.com/
ChIJ-dJYakBZwokRU4LMOdVgGgE,Last Place On Earth,"531 Graham Ave, Brooklyn, NY 11222, United States",+1 315-230-4381,https://lastplacebk.com/
ChIJP3dA6Y9ZwokRApWZnUNHDiE,Jack Game Store,"1400 Broadway, New York, NY 10018, United States",,
ChIJD1Lrct47tokRSnBl0rpisNc,Huzzah Hobbies,"44927 George Washington Blvd, Ashburn, VA 20147, United States",+1 703-466-0460,http://www.huzzahhobbies.com/
ChIJI_35bWn7wogRcg1auhUTs94,Game-O-Storus,"926 W Bay Dr, Largo, FL 33770, United States",+1 727-683-6609,https://gameostorus.com/
ChIJP-G1YR37rUwRWcsIbV9y5D8,Treasure Trove Keep,"230 Rockland Rd, Whitefield, ME 04353, United States",+1 207-380-7721,http://www.treasuretrovekeep.com/
ChIJa-mKNL5544kRuflwPkEyycc,Eureka! Puzzles & Games,"1355 Beacon St, Brookline, MA 02446, United States",+1 617-738-7352,http://www.eurekapuzzles.com/
ChIJGfihUjlbwokR0wGFzcRR8SI,Brooklyn Game Knight,"68 34th St Bldg 6 - 2nd Floor, Brooklyn, NY 11232, United States",+1 917-213-9324,https://brooklyngameknight.com/
ChIJs-EbDtfUw4kR2_wxXLztDgE,Endless Games,"922 NJ-33, Freehold, NJ 07728, United States",+1 732-414-2213,http://www.endlessgames.com/
ChIJB94t6XTzrIkRyMvUD9V_ZvU,The Gamer's Armory,"683 Cary Towne Blvd F, Cary, NC 27511, United States",+1 919-238-4817,http://www.gamersarmory.com/
ChIJ4y9K-4hYwokReIeZvZsb_rM,Pacho Games,"366 Amsterdam Ave #172, New York, NY 10023, United States",,http://pachogames.com/
ChIJ0f7LhA5gwokR9f9ZjhiyYHU,Gaming Universe Corp,"133-18 39th Ave, Flushing, NY 11354, United States",+1 718-358-8333,https://www.facebook.com/Gaming-UniverseCorp-1649797181964244/
ChIJPyrEiewDx4kR-wetdGwxj8M,Dvd & Game Exchange,"100 N Dupont Hwy, New Castle, DE 19720, United States",+1 302-322-3033,
ChIJFVALcxtzuIkRmba0_vS8eXg,Central Gaming Corps,"2478 Centreville Rd Suite C, Centreville, MD 21617, United States",+1 443-262-8093,https://centralgamingcorps.com/
ChIJ09AJghoH2YgRc4BbG8OVyXk,Hey Wanna Play Inc.,"5225B W Broward Blvd, Plantation, FL 33317, United States",+1 754-701-5648,https://heywannaplay.crystalcommerce.com/
ChIJu6_LA1a0tEwRzxDUIh9Ir5E,Black Moon Games,"267 N Plainfield Rd Unit E, West Lebanon, NH 03784, United States",+1 603-678-8643,http://www.black-moon-games.com/
ChIJ0ZVCxd3B4YkR9HFYV_IG26E,Triple Play,"16 NH-11, Claremont, NH 03743, United States",+1 603-287-8910,http://tripleplaynh.com/StoreInfo.asp
ChIJa5cIcKraxokR5hivGBtf_Ng,The Nerd Mall,"164 S Broad St, Woodbury, NJ 08096, United States",+1 856-202-5103,https://nerdmall.com/
ChIJ49cWgljnt4kRf401PHENbj0,3 Gear Games / Studios,"25 C St, Laurel, MD 20707, United States",+1 443-604-3578,https://www.3gearstudios.com/
ChIJB2ezLPjcx4kRROxvVs7lk1c,Bel Air Games,"2442 E Churchville Rd, Bel Air, MD 21015, United States",+1 410-776-3491,http://belairgames.com/
ChIJAcKb5S_A54gRTcN6F8lOg74,GAME CRAZY LLC,"2222 W Main St, Leesburg, FL 34748, United States",+1 352-461-3361,https://game-crazy-llc.business.site/
ChIJ8YdB6NO_4okRIJ8MTOVV_kY,Go! Calendars & Games,"50 Fox Run Rd, Newington, NH 03801, United States",+1 207-438-7013,http://www.goretailgroup.com/
ChIJn1Hh2euS5IkRQR8acZWgR7Q,The Game Reserve,"495 Center St, Middleborough, MA 02346, United States",+1 978-298-4409,https://www.facebook.com/thegamereserveMA/
ChIJB4U58v5K5IkRpkXSfC1ql24,Reality A Games,"297 Providence St, West Warwick, RI 02893, United States",+1 401-500-1545,https://www.realityagames.com/
ChIJl-RxvFX354kRO9Cy-Smrx2U,NUTMEG GAMES,"178 Danbury Rd, New Milford, CT 06776, United States",+1 860-799-6704,http://nutmeggames.com/
ChIJndZBs262uIkRLC035C7KpkY,Yesterdays Fun Vintage Toys & Games,"70 Rehoboth Ave, Rehoboth Beach, DE 19971, United States",+1 302-227-2869,http://www.yesterdaysfuntoys.com/
ChIJPyUZozogVIgRzVh1l7jOBlw,Get Some Game,"1224 Commercial Ave, Charlotte, NC 28205, United States",+1 704-728-5025,https://getsomegame.square.site/
ChIJp0EPy_90-4gRaH25ElRpiEI,Morningstar Games,"30 W Montgomery Cross Rd Suite B, Savannah, GA 31406, United States",+1 912-927-2770,https://www.morningstarsav.com/
ChIJ1QR8IXCZskwR6Zo6Ry49dhM,"Go! Calendars, Toys & Games","364 Maine Mall Rd Space W151, South Portland, ME 04106, United States",+1 207-544-5739,http://www.goretailgroup.com/
ChIJRye-qUpj44kROBK28IZwV_o,Alpha Omega Hobby,"1357 Hancock St, Quincy, MA 02169, United States",+1 617-328-1640,http://www.alphaomegahobby.com/
ChIJxSoP-ZPO54kR94lwDHD1FFA,Hall of Gaming,"150 Center St, Wallingford, CT 06492, United States",,https://www.hog.gg/
ChIJQ_9CkDv2wokR4luLdCr0Jo8,Hex & Company,"2911 Broadway, New York, NY 10025, United States",+1 212-439-1008,http://www.hexnyc.com/
ChIJAYW8Xu0W24gR13bsCTp2t_g,Dungeon Games LLC,"17650 S Tamiami Trail #202, Fort Myers, FL 33908, United States",+1 239-221-8523,
ChIJoR-gNqhZwokRE79aTUSj2uo,The Compleat Strategist,"11 E 33rd St, New York, NY 10016, United States",+1 212-685-3880,https://www.thecompleatstrategist.com/
ChIJvTy4md_gwokRAng20YImKRM,Fantasy Games,"107 Miller Rd, Mahwah, NJ 07430, United States",+1 201-252-8421,http://fantasygamesnj.com/
ChIJ6e4451utt4kRp-kDSKsZozY,Curio Cavern (Loisdale Rd),"6701 Loisdale Rd Unit T, Springfield, VA 22150, United States",+1 703-347-6474,http://www.curiocavern.com/
ChIJaR7qg8EoWIgRf-qu6SRunno,Games Workshop,"1451 Woodruff Rd Suite L, Greenville, SC 29607, United States",+1 864-627-4179,http://www.games-workshop.com/Games-Workshop-Shoppes-at-Woodruff?utm_source=Google&utm_medium=Yext
